id,name,color,size,storage,selling_price,mrp,features,img1,img2,img3,img4,img5
1,"(4KG - 1Kg*4) Dry Fruits Combo Pack of 4 - (Almonds, Cashews, Pistachios, Raisins) - Healthy Dry Fruit Snacks | Tasty & Delicious, Rich in Protein | High in Protein, Fiber & Boost Immunity | Real Nuts | Gluten-Free | Super Healthy Nuts",Default,XS,,279,1999,"<div class=""a-section a-spacing-medium a-spacing-top-small"" id=""feature-bullets""><div class=""a-section a-spacing-none vnv-container"" id=""vnv-container""><div class=""a-section a-spacing-none vnv-inner-container vnv-inner-container-veg"" id=""inner-container-veg""><div class=""a-section vnv-outer"" id=""outer-veg""><div class=""a-section vnv-circle vnv-circle-veg"" id=""circle-veg""> </div></div></div><div class=""a-section vnv-text"" id=""text-veg"">This is a <strong>Vegetarian</strong> product.</div></div><hr><ul><li class=""a-unordered-list a-vertical a-spacing-mini""><span class=""a-list-item"">Premium Quality Dry Fruits Combo: Includes Almonds, Cashews, Pistachios, and Raisins ƒ?? a perfect mix of real nuts and dried fruits for a tasty, delicious, and healthy snack.</span></li><li class=""a-unordered-list a-vertical a-spacing-mini""><span class=""a-list-item"">High in Protein &amp; Fiber: Rich in protein, fiber, and healthy fats, these dry fruits are an excellent choice to fuel your body and keep you full for longer. Ideal for those looking to boost their muscle health, energy levels, and digestion.</span></li><li class=""a-unordered-list a-vertical a-spacing-mini""><span class=""a-list-item"">Boost Immunity &amp; Health: Packed with vitamins, antioxidants, and minerals, this combo pack helps boost immunity, promote heart health, and improve overall health and vitality.</span></li><li class=""a-unordered-list a-vertical a-spacing-mini""><span class=""a-list-item"">Gluten-Free &amp; Natural: Organic Purify Dry Fruits Combo Pack contains no gluten, preservatives, or artificial additives, providing a clean, natural, and wholesome snacking experience.</span></li><li class=""a-unordered-list a-vertical a-spacing-mini""><span class=""a-list-item"">Generous 4KG Pack: With 1kg each of Almonds, Cashews, Pistachios, and Raisins (total of 4kg), this combo pack offers great value and is perfect for families, parties, or sharing with friends.</span></li></ul><!-- Loading EDP related metadata --><div class=""a-section aok-hidden"" data-csa-c-content-id=""voyager-product-details-jumplink"" data-csa-c-slot-id=""voyager-product-details-jumplink"" data-csa-c-type=""link"" data-csa-c-id=""dzlmrj-bysbj-bzgcsx-iujw0j""><span class=""caretnext"">ƒ?§</span> <a class=""a-link-normal"" href=""#productDetails"" id=""seeMoreDetailsLink"">See more product details</a></div></div>",https://m.media-amazon.com/images/I/512J1jN8WXL.jpg,https://m.media-amazon.com/images/I/41uFUlhWFGL.jpg,https://m.media-amazon.com/images/I/71uGRD65LXL._SX679_.jpg,https://m.media-amazon.com/images/I/51wfMh36OAL._SX679_.jpg,https://m.media-amazon.com/images/I/41tTiBL63BL.jpg
2,"All in One Combo of 4: 5L Fortune Refined Oil, 5Kg M akhan Chor Basmati Rice, 10Kg Aashirvaad Chakki Fre sh Atta, 5Kg Sugar",Default,XL,999,399,5999,,https://cdn.shopify.com/s/files/1/0922/7632/6766/files/13_9e80c88c-a26f-4d59-a81b-3eac8f440aec.jpg?v=1750702881,,,,
3,"All in One Combo of 4: 20Kg Atta, 5Kg Sugar, 1Kg Bes an, 5L Fortune Oil",Default,XS,999,499,6999,,https://cdn.shopify.com/s/files/1/0922/7632/6766/files/12_b1174e9c-60db-4b37-b727-668150b8a86a.jpg?v=1750702847,,,,
4,"All in One Combo of 4: Fortune Oil, Aashirvaad Atta, I ndia Gate Rozana, Madhur Sugar",Default,S,999,499,4999,,https://cdn.shopify.com/s/files/1/0922/7632/6766/files/1_05b613ea-e900-436b-b7a3-13ba39bd60a3.jpg?v=1750697639,,,,
5,"Combo Deal of: 10Kg Chakki Fresh Atta, 5L Kachi Gh ani Pure Mustard Oil, 10kg Rozana Mini Mogra",Default,XXL,999,399,4999,,https://cdn.shopify.com/s/files/1/0922/7632/6766/files/399.png?v=1750894997,,,,
6,"Combo Deal of: 5Kg Fortune Biryani Special Basmati Rice, 15L Cottonseed Oil, 1Kg Buffalo Ghee",Default,XS,999,499,4999,,https://cdn.shopify.com/s/files/1/0922/7632/6766/files/399-_1.png?v=1750895025,,,,
7,"Combo Deal of: 6.4L Washing liquid, 8Kg Tide Washin g Powder, 3x Harpic Cleaner",Default,M,999,499,4999,,https://cdn.shopify.com/s/files/1/0922/7632/6766/files/399-_2.png?v=1750895198,,,,
8,"Combo Deal of: 5L Fortune Premium Kachi Ghani Pur e Mustard Oil, 15L Tirupati Cotton Seed Oil, 1L Cocon ut Oil",Default,XL,999,599,7999,,https://cdn.shopify.com/s/files/1/0922/7632/6766/files/399-_4.png?v=1750895457,,,,
9,"Combo Deal of: 8Kg Tide Washing Powder, 2L Shamp oo, 2x Colgate Combo, 4x Nivea Soap",Default,XS,999,389,6999,,https://cdn.shopify.com/s/files/1/0922/7632/6766/files/399-_5.png?v=1750895658,,,,
10,All in One Combo of 2:2 Kg Premium Almonds,Default,XS,999,279,2999,,https://cdn.shopify.com/s/files/1/0922/7632/6766/files/3_4a0f2ede-e2f6-4024-ac59-049bf86067e7.jpg?v=1750701593,,,,
11,"All in One Combo of 3:5L Fortune Oil, 5Kg Sugar, 5Kg Basmati Rice",Default,S,999,499,7999,,https://cdn.shopify.com/s/files/1/0922/7632/6766/files/6.jpg?v=1750701964,,,,
12,"(5KG-1Kg*5) Dry Fruits Combo Pack of 5- (Almonds, Cashews, Pistachios, Raisins) - Healthy Dry Fruit Snac ks | Tasty & Delicious, Rich in Protein | High in Protein, Fiber & Boost Immunity | Real Nuts | Gluten-Free | Sup er Healthy Nuts",Default,XXL,999,345,7999,,https://ueirorganic.com/cdn/shop/files/NewProject_10.png?v=1685534100&width=800,,,,
13,"All in One Combo of 2: 10Kg Surf Excel, 1Liter Comfor t",Default,XS,999,398,7999,,https://cdn.shopify.com/s/files/1/0922/7632/6766/files/7.jpg?v=1750702054,,,,
14,All in One Combo of 5: Ministery of Nuts Family Pack of 5 Premium Dry Fruits,Default,XS,999,348,7999,,https://cdn.shopify.com/s/files/1/0922/7632/6766/files/8.jpg?v=1750702144,,,,
15,"All in One Combo of 3: Dabur Chyawanprash, 1Kg Ved aka Almond, 1Kg Namo Organics Kaju",Default,S,999,298,7999,,https://cdn.shopify.com/s/files/1/0922/7632/6766/files/9.jpg?v=1750702272,,,,
16,"All in One Combo of 2:5Kg India Gate Basmati Rice S uper, 5L Fortune Rice Bran Health",Default,XS,999,398,7999,,https://cdn.shopify.com/s/files/1/0922/7632/6766/files/10.jpg?v=1750702392,,,,
17,All in One Combo of 2: 20Kg Chakki Atta,Default,XS,999,298,7999,,https://cdn.shopify.com/s/files/1/0922/7632/6766/files/11.jpg?v=1750702729,,,,
18,4 KG Dry Fruits and Nuts Combo of Healthy Fresh Ca shews Almonds Pistachios Figs Nutritious Badam Kaj u Pista Anjeer,Default,L,999,279,7999,,https://m.media-amazon.com/images/I/81nFlRX6JBL._SL1500_.jpg,https://m.media-amazon.com/images/I/71q-Cjxe-qL._SL1500_.jpg,https://m.media-amazon.com/images/I/81pZUqIOpsL._SL1500_.jpg,https://m.media-amazon.com/images/I/71Uqzp01-NL._SL1500_.jpg,https://m.media-amazon.com/images/I/81RGahUjZmL._SL1500_.jpg
19,"All in One Combo of 2:1 Kg Kaju, 1 Kg Badam",Default,S,999,299,4999,,https://cdn.shopify.com/s/files/1/0922/7632/6766/files/2.jpg?v=1750701508,,,,
20,"Temperado Dry Fruits Combo Pack | 250gm*6 | Kaju Badam Pista Kishmish Anjeer Akhrot Giri| Almonds, Cashews, Figs, Pistachios, Raisins, Walnuts  (6 x 250 g)",Default,M,,319,2569,"<div class=""a-expander-content a-expander-partial-collapse-content a-expander-content-expanded"" style=""padding-bottom:20px;"" data-expanded=""true"">
<img src=""https://i.postimg.cc/QMvNDmxk/Annotation-2025-04-26-012200.png"" style=""width:100%;"">
<img src=""https://i.postimg.cc/qR7Z5Kdx/Whats-App-Image-2025-04-24-at-11-36-14-PM.jpg"" style=""width:100%;"">
<img src=""https://i.postimg.cc/JzMwQGtP/Whats-App-Image-2025-04-24-at-11-36-13-PM-1.jpg"" style=""width:100%;"">
<img src=""https://i.postimg.cc/RFjyJ0j1/Whats-App-Image-2025-04-24-at-11-36-13-PM.jpg"" style=""width:100%;"">
<img src=""https://i.postimg.cc/xjzWDKz6/Whats-App-Image-2025-04-24-at-11-36-12-PM.jpg"" style=""width:100%;"">
</div>",https://m.media-amazon.com/images/I/81tnLdYsezL._SL1500_.jpg,https://m.media-amazon.com/images/I/81ng7K9GCeL._SL1500_.jpg,https://m.media-amazon.com/images/I/81R7oOsU2SL._SL1500_.jpg,https://m.media-amazon.com/images/I/81il0yS-6PL._SL1500_.jpg,https://m.media-amazon.com/images/I/81rJZwKlCrL._SL1500_.jpg
21,5L  Fortune Sunlite Refined Sunflower Oil Jar,Default,XS,,219,1239,"<div class=""a-expander-content a-expander-partial-collapse-content a-expander-content-expanded"" style=""padding-bottom:20px;"" data-expanded=""true""><style>
    .po-break-word {
        word-break: break-word;
    }
    .po-truncate-attribute .a-truncate-cut{
        word-break: break-word;
    }
    #po-tta-action {
        padding: 0;
    }
</style><script type=""text/javascript"">
    function logTechTermAssistMetric(nexusSchemaId, metricParameters) {
        if (typeof window.csa !== &apos;undefined&apos;) {
            var ttaEvents = csa(""Events"", {producerId: ""cetech-tta""});

            metricParameters.schemaId = nexusSchemaId;

            metricParameters.asin = &apos;B075757RF2&apos;;
            metricParameters.deviceType = &apos;web&apos;;
            metricParameters.productType = &apos;EDIBLE_OIL_VEGETABLE&apos;;
            metricParameters.obfuscatedMarketplaceId = &apos;A21TJRUUN4KGV&apos;;

            ttaEvents(""log"", metricParameters, { ent: &apos;all&apos; });
        }
    }

    function logTechTermAssistEvent(nexusSchemaId) {
        logTechTermAssistMetric(nexusSchemaId, {});
    }
</script><div class=""a-section a-spacing-small a-spacing-top-small""><figure class=""table""><table class=""a-normal a-spacing-micro""><tbody><tr class=""a-spacing-small po-brand""><td class=""a-span3""><span class=""a-size-base a-text-bold"">Brand</span></td><td class=""a-span9""><span class=""a-size-base po-break-word"">FORTUNE</span></td></tr><tr class=""a-spacing-small po-diet_type""><td class=""a-span3""><span class=""a-size-base a-text-bold"">Diet Type</span></td><td class=""a-span9""><span class=""a-size-base po-break-word"">Vegetarian</span></td></tr><tr class=""a-spacing-small po-flavor""><td class=""a-span3""><span class=""a-size-base a-text-bold"">Flavour</span></td><td class=""a-span9""><span class=""a-size-base po-break-word"">sunflower</span></td></tr><tr class=""a-spacing-small po-net_content_volume""><td class=""a-span3""><span class=""a-size-base a-text-bold"">Net Content Volume</span></td><td class=""a-span9""><span class=""a-size-base po-break-word"">5000 Millilitres, 5 Litres</span></td></tr><tr class=""a-spacing-small po-special_feature""><td class=""a-span3""><span class=""a-size-base a-text-bold"">Special Feature</span></td><td class=""a-span9""><span class=""a-size-base po-break-word"">Refined</span></td></tr><tr class=""a-spacing-small po-liquid_volume""><td class=""a-span3""><span class=""a-size-base a-text-bold"">Liquid Volume</span></td><td class=""a-span9""><span class=""a-size-base po-break-word"">5 Litres</span></td></tr><tr class=""a-spacing-small po-item_package_quantity""><td class=""a-span3""><span class=""a-size-base a-text-bold"">Item Package Quantity</span></td><td class=""a-span9""><span class=""a-size-base po-break-word"">1</span></td></tr><tr class=""a-spacing-small po-container.material""><td class=""a-span3""><span class=""a-size-base a-text-bold"">Container Material</span></td><td class=""a-span9""><span class=""a-size-base po-break-word"">Plastic</span></td></tr><tr class=""a-spacing-small po-item_form""><td class=""a-span3""><span class=""a-size-base a-text-bold"">Item Form</span></td><td class=""a-span9""><span class=""a-size-base po-break-word"">Oil</span></td></tr><tr class=""a-spacing-small po-specialty""><td class=""a-span3""><span class=""a-size-base a-text-bold"">Speciality</span></td><td class=""a-span9""><span class=""a-size-base po-break-word"">high_in_vitamin</span></td></tr></tbody></table></figure></div></div>",https://m.media-amazon.com/images/I/51B9YFCkZrS.jpg,https://m.media-amazon.com/images/I/71AgCOCoKYL._SY879_.jpg,https://m.media-amazon.com/images/I/51B9YFCkZrS.jpg,,
22,1Kg- Vedaka Premium Black Raisins | Kali Kishmish,Default,L,,199,599,"<div class=""a-expander-content a-expander-partial-collapse-content"" style=""padding-bottom:20px;"" data-expanded=""false""><style>
    .po-break-word {
        word-break: break-word;
    }
    .po-truncate-attribute .a-truncate-cut{
        word-break: break-word;
    }
    #po-tta-action {
        padding: 0;
    }
</style><div class=""a-section a-spacing-small a-spacing-top-small""><figure class=""table""><table class=""a-normal a-spacing-micro""><tbody><tr class=""a-spacing-small po-item_weight""><td class=""a-span3""><span class=""a-size-base a-text-bold"">Item Weight</span></td><td class=""a-span9""><span class=""a-size-base po-break-word"">1.01Kg </span></td></tr><tr class=""a-spacing-small po-size""><td class=""a-span3""><span class=""a-size-base a-text-bold"">Size</span></td><td class=""a-span9""><span class=""a-size-base po-break-word"">1Kg </span></td></tr><tr class=""a-spacing-small po-brand""><td class=""a-span3""><span class=""a-size-base a-text-bold"">Brand</span></td><td class=""a-span9""><span class=""a-size-base po-break-word"">Vedaka</span></td></tr><tr class=""a-spacing-small po-item_package_weight""><td class=""a-span3""><span class=""a-size-base a-text-bold"">Package Weight</span></td><td class=""a-span9""><span class=""a-size-base po-break-word"">0.54 Kilograms</span></td></tr><tr class=""a-spacing-small po-number_of_pieces""><td class=""a-span3""><span class=""a-size-base a-text-bold"">Number of Pieces</span></td><td class=""a-span9""><span class=""a-size-base po-break-word"">1</span></td></tr><tr class=""a-spacing-small po-item_form""><td class=""a-span3""><span class=""a-size-base a-text-bold"">Item Form</span></td><td class=""a-span9""><span class=""a-size-base po-break-word"">Dried</span></td></tr><tr class=""a-spacing-small po-unit_count""><td class=""a-span3""><span class=""a-size-base a-text-bold"">Net Quantity</span></td><td class=""a-span9"">1Kg </td></tr><tr class=""a-spacing-small po-manufacturer""><td class=""a-span3""> </td><td class=""a-span9""> </td></tr></tbody></table></figure><p> </p></div></div>",https://m.media-amazon.com/images/I/81oRsFhyHQL._SX679_.jpg,https://m.media-amazon.com/images/I/71ov5aaiqKL._SX679_.jpg,,,
23,(1KG)Organic Basket Premium Afghani Anjeer (Dried Figs),Default,XS,,191,799,"<div class=""a-expander-content a-expander-partial-collapse-content"" style=""padding-bottom:20px;"" data-expanded=""false""><style>
    .po-break-word {
        word-break: break-word;
    }
    .po-truncate-attribute .a-truncate-cut{
        word-break: break-word;
    }
    #po-tta-action {
        padding: 0;
    }
</style><script type=""text/javascript"">
    function logTechTermAssistMetric(nexusSchemaId, metricParameters) {
        if (typeof window.csa !== &apos;undefined&apos;) {
            var ttaEvents = csa(""Events"", {producerId: ""cetech-tta""});

            metricParameters.schemaId = nexusSchemaId;

            metricParameters.asin = &apos;B08RBQCMZ8&apos;;
            metricParameters.deviceType = &apos;web&apos;;
            metricParameters.productType = &apos;FRUIT&apos;;
            metricParameters.obfuscatedMarketplaceId = &apos;A21TJRUUN4KGV&apos;;

            ttaEvents(""log"", metricParameters, { ent: &apos;all&apos; });
        }
    }

    function logTechTermAssistEvent(nexusSchemaId) {
        logTechTermAssistMetric(nexusSchemaId, {});
    }
</script><div class=""a-section a-spacing-small a-spacing-top-small""><figure class=""table""><table class=""a-normal a-spacing-micro""><tbody><tr class=""a-spacing-small po-item_weight""><td class=""a-span3""><span class=""a-size-base a-text-bold"">Item Weight</span></td><td class=""a-span9""><span class=""a-size-base po-break-word"">1 Kilograms</span></td></tr><tr class=""a-spacing-small po-size""><td class=""a-span3""><span class=""a-size-base a-text-bold"">Size</span></td><td class=""a-span9""><span class=""a-size-base po-break-word"">S (Pack of 1)</span></td></tr><tr class=""a-spacing-small po-brand""><td class=""a-span3""><span class=""a-size-base a-text-bold"">Brand</span></td><td class=""a-span9""><span class=""a-size-base po-break-word"">Organic Basket</span></td></tr><tr class=""a-spacing-small po-specialty""><td class=""a-span3""><span class=""a-size-base a-text-bold"">Speciality</span></td><td class=""a-span9""><span class=""a-size-base po-break-word"">Organic</span></td></tr><tr class=""a-spacing-small po-diet_type""><td class=""a-span3""><span class=""a-size-base a-text-bold"">Diet Type</span></td><td class=""a-span9""><span class=""a-size-base po-break-word"">Vegetarian</span></td></tr><tr class=""a-spacing-small po-item_package_weight""><td class=""a-span3""><span class=""a-size-base a-text-bold"">Package Weight</span></td><td class=""a-span9""><span class=""a-size-base po-break-word"">1 kg</span></td></tr><tr class=""a-spacing-small po-number_of_pieces""><td class=""a-span3""><span class=""a-size-base a-text-bold"">Number of Pieces</span></td><td class=""a-span9""><span class=""a-size-base po-break-word"">1</span></td></tr><tr class=""a-spacing-small po-produce_sold_as_format""><td class=""a-span3""><span class=""a-size-base a-text-bold"">Produce sold as</span></td><td class=""a-span9""><span class=""a-size-base po-break-word"">Pre-packaged</span></td></tr><tr class=""a-spacing-small po-temperature_condition""><td class=""a-span3""><span class=""a-size-base a-text-bold"">Temperature Condition</span></td><td class=""a-span9""><span class=""a-size-base po-break-word"">Fresh</span></td></tr><tr class=""a-spacing-small po-item_form""><td class=""a-span3""><span class=""a-size-base a-text-bold"">Item Form</span></td><td class=""a-span9""><span class=""a-size-base po-break-word"">Dried</span></td></tr></tbody></table></figure></div></div>",https://m.media-amazon.com/images/I/71QY0q0LALL._SX679_.jpg,https://m.media-amazon.com/images/I/41YZgwYaSbL.jpg,https://m.media-amazon.com/images/I/7195XmbAvgS._SX679_.jpg,,
24,"(15Liter) MOLIMORE Refined Cottonseed Oil ƒ?? Pure, Light, and Perfect for Healthy Cooking",Default,S,,329,1999,"<div class=""a-section a-spacing-small a-spacing-top-small""><figure class=""table""><table class=""a-normal a-spacing-micro""><tbody><tr class=""a-spacing-small po-brand""><td class=""a-span3""><span class=""a-size-base a-text-bold"">Brand</span></td><td class=""a-span9""><span class=""a-size-base po-break-word"">GIRNES</span></td></tr><tr class=""a-spacing-small po-flavor""><td class=""a-span3""><span class=""a-size-base a-text-bold"">Flavour</span></td><td class=""a-span9""><span class=""a-size-base po-break-word"">Cotton Seed</span></td></tr><tr class=""a-spacing-small po-liquid_volume""><td class=""a-span3""><span class=""a-size-base a-text-bold"">Liquid Volume</span></td><td class=""a-span9""><span class=""a-size-base po-break-word"">15 Litres</span></td></tr><tr class=""a-spacing-small po-item_weight""><td class=""a-span3""><span class=""a-size-base a-text-bold"">Item Weight</span></td><td class=""a-span9""><span class=""a-size-base po-break-word"">15 Kilograms</span></td></tr><tr class=""a-spacing-small po-item_dimensions""><td class=""a-span3""><span class=""a-size-base a-text-bold"">Item dimensions L x W x H</span></td><td class=""a-span9""><span class=""a-size-base po-break-word"">50 x 100 x 120 Millimeters</span></td></tr><tr class=""a-spacing-small po-unit_count""><td class=""a-span3""><span class=""a-size-base a-text-bold"">Net Quantity</span></td><td class=""a-span9""><span class=""a-size-base po-break-word"">15000.0 millilitre</span></td></tr><tr class=""a-spacing-small po-manufacturer""><td class=""a-span3""><span class=""a-size-base a-text-bold"">Manufacturer</span></td><td class=""a-span9""><span class=""a-size-base po-break-word"">MOLIMOR</span></td></tr></tbody></table></figure></div>",https://m.media-amazon.com/images/I/61TrDwrIAaL._SX679_.jpg,https://m.media-amazon.com/images/I/71FXLJ7kNpL._SX679_.jpg,https://m.media-amazon.com/images/I/51y10lQmbtL._SX679_.jpg,,
25,5 kg Unpolished Yellow Moong Dal | | Naturally Rich in Protein | Naturally Cholesterol free,Default,XXL,,189,999,"<div class=""a-section a-spacing-small a-spacing-top-small""><figure class=""table""><table class=""a-normal a-spacing-micro""><tbody><tr class=""a-spacing-small po-brand""><td class=""a-span3""><span class=""a-size-base a-text-bold"">Brand</span></td><td class=""a-span9""><span class=""a-size-base po-break-word"">Vedaka</span></td></tr><tr class=""a-spacing-small po-item_weight""><td class=""a-span3""><span class=""a-size-base a-text-bold"">Item Weight</span></td><td class=""a-span9""><span class=""a-size-base po-break-word"">5 Kilograms</span></td></tr><tr class=""a-spacing-small po-specialty""><td class=""a-span3""><span class=""a-size-base a-text-bold"">Speciality</span></td><td class=""a-span9""><span class=""a-size-base po-break-word"">Vegetarian</span></td></tr><tr class=""a-spacing-small po-item_form""><td class=""a-span3""><span class=""a-size-base a-text-bold"">Item Form</span></td><td class=""a-span9""><span class=""a-size-base po-break-word"">Whole</span></td></tr><tr class=""a-spacing-small po-diet_type""><td class=""a-span3""><span class=""a-size-base a-text-bold"">Diet Type</span></td><td class=""a-span9""><span class=""a-size-base po-break-word"">Vegetarian</span></td></tr><tr class=""a-spacing-small po-item_package_weight""><td class=""a-span3""><span class=""a-size-base a-text-bold"">Package Weight</span></td><td class=""a-span9""><span class=""a-size-base po-break-word"">5.04 Kilograms</span></td></tr><tr class=""a-spacing-small po-number_of_items""><td class=""a-span3""><span class=""a-size-base a-text-bold"">Number of Items</span></td><td class=""a-span9""><span class=""a-size-base po-break-word"">1</span></td></tr><tr class=""a-spacing-small po-manufacturer""><td class=""a-span3""> </td><td class=""a-span9""><script type=""text/javascript"">(function(f) {var _np=(window.P._namespace(""DetailPageProductOverviewTemplatesJava""));if(_np.guardFatal){_np.guardFatal(f)(_np);}else{f(_np);}}(function(P) {
    P.when(&apos;A&apos;).execute(function(A){
    A.on(&apos;a:truncate:po-attribute-truncate-7:updated&apos;, function(data) {
    var isTruncated = !data.truncateInstance.getIfTextFits();
    var seeMoreElement = document.getElementById(&apos;po-attribute-see-more-id-7&apos;);
    if(seeMoreElement) {
    seeMoreElement.style.display = isTruncated ?  &apos;  :  &apos;none&apos;;
    }
    })
    });
}));</script><p><span class=""a-declarative"" data-action=""a-modal"" data-a-modal=""{&quot;max-height&quot;:&quot;400&quot;,&quot;width&quot;:&quot;800&quot;,&quot;header&quot;:&quot;Manufacturer&quot;,&quot;inlineContent&quot;:&quot;Amazon retail india Private Limited(Relabeller), (A)AJIT SINGH OM PARKASH PVT. LTD., 44/7, Ludhiana Road, Vill. Karyam, Nawanshahr, Shaheed Bhagat Singh Nagar, Punjab -144514 Lic. No. 10015063000787(B)SHUBHALAXMII FOOD , Jalan Industrial Estate, Part of khasra No 90/1 &amp;amp; 90/2, Lihigaon, Nagpur (Rural), Nagpur, Maharashtra- 441104 Lic. No. 11517056000027(C)M/S AJIT SINGH OM PARKASH PVT. LTD., 366/1, Vikram Warehouse Gram Palda, Indore, Madhya Pradesh- 452002, Lic. No. 11414850003280 (D)GPA Foods Private Limited, 2262-2265, HSIIDC Food Park, Phase-II, Industrial Area, Rai, Sonipat, Sonipat, Haryana-131029, India, Lic. No. 10814020000067(E)Tirupati Food Industries Pvt Ltd, 587, HSIIDC Food Park Rai, Sonipat, Haryana-131029, Lic. No. 10814020000034&quot;}"" id=""po-attribute-see-more-id-7""> </span></p></td></tr><tr class=""a-spacing-small po-unit_count""><td class=""a-span3""><span class=""a-size-base a-text-bold"">Net Quantity</span></td><td class=""a-span9""><span class=""a-size-base po-break-word"">5000.0 gram</span></td></tr></tbody></table></figure></div><div class=""imgTagWrapper"" style=""height:506px;""><img class=""a-dynamic-image a-stretch-horizontal"" style=""max-height:390px;max-width:390px;"" src=""https://m.media-amazon.com/images/I/81g+poYGoeL._SX522_.jpg"" id="""" data-old-hires=""https://m.media-amazon.com/images/I/81g+poYGoeL._SL1500_.jpg"" data-a-manual-replacement=""true""></div>",https://m.media-amazon.com/images/I/81QySgRmaoL._SX679_.jpg,https://m.media-amazon.com/images/I/81g+poYGoeL._SX679_.jpg,https://m.media-amazon.com/images/I/81RfwdokimL._SX679_.jpg,https://m.media-amazon.com/images/I/81ox1vaQfEL._SX679_.jpg,
26,5KG NUTRIGRASS California Healthy and Tasty Dry Fruit Nut Raw Almonds (Dried) -,Default,XS,,274,6299,"<div class=""a-section a-spacing-small a-spacing-top-small""><figure class=""table""><table class=""a-normal a-spacing-micro""><tbody><tr class=""a-spacing-small po-flavor""><td class=""a-span3""><span class=""a-size-base a-text-bold"">Flavour</span></td><td class=""a-span9""><span class=""a-size-base po-break-word"">Whole natural</span></td></tr><tr class=""a-spacing-small po-brand""><td class=""a-span3""><span class=""a-size-base a-text-bold"">Brand</span></td><td class=""a-span9""><span class=""a-size-base po-break-word"">NUTRIGRASS</span></td></tr><tr class=""a-spacing-small po-item_weight""><td class=""a-span3""><span class=""a-size-base a-text-bold"">Item Weight</span></td><td class=""a-span9""><span class=""a-size-base po-break-word"">5 Kilograms</span></td></tr><tr class=""a-spacing-small po-item_form""><td class=""a-span3""><span class=""a-size-base a-text-bold"">Item Form</span></td><td class=""a-span9""><span class=""a-size-base po-break-word"">Raw</span></td></tr><tr class=""a-spacing-small po-specialty""><td class=""a-span3""><span class=""a-size-base a-text-bold"">Speciality</span></td><td class=""a-span9""><span class=""a-size-base po-break-word"">suitable for vegetarians</span></td></tr></tbody></table></figure></div>",https://m.media-amazon.com/images/I/81B15jXiqDL._SX679_.jpg,https://m.media-amazon.com/images/I/71WMs30qtEL._SX679_.jpg,https://m.media-amazon.com/images/I/71by9WFbWPL._SX679_.jpg,,
27,"1 KG Crackseeds Premium International Healthy Nutmix, Dried Almonds, Black Raisins, Cashewnuts, Dry Fig, Green Raisins, Pistachio Kernels & Walnut Kernels (1000)",Default,M,,219,1199,"<div class=""celwidget"" id=""productOverview_feature_div"" data-feature-name=""productOverview"" data-csa-c-type=""widget"" data-csa-c-content-id=""productOverview"" data-csa-c-slot-id=""productOverview_feature_div"" data-csa-c-asin=""B0D8KS8ZJR"" data-csa-c-is-in-initial-active-row=""false"" data-csa-c-id=""b4agf4-bfozue-ym1rt2-7dh6cj"" data-cel-widget=""productOverview_feature_div""><style>
    .po-break-word {
        word-break: break-word;
    }
    .po-truncate-attribute .a-truncate-cut{
        word-break: break-word;
    }
    #po-tta-action {
        padding: 0;
    }
</style><script type=""text/javascript"">
    function logTechTermAssistMetric(nexusSchemaId, metricParameters) {
        if (typeof window.csa !== &apos;undefined&apos;) {
            var ttaEvents = csa(""Events"", {producerId: ""cetech-tta""});

            metricParameters.schemaId = nexusSchemaId;

            metricParameters.asin = &apos;B0D8KS8ZJR&apos;;
            metricParameters.deviceType = &apos;web&apos;;
            metricParameters.productType = &apos;SNACK_MIX&apos;;
            metricParameters.obfuscatedMarketplaceId = &apos;A21TJRUUN4KGV&apos;;

            ttaEvents(""log"", metricParameters, { ent: &apos;all&apos; });
        }
    }

    function logTechTermAssistEvent(nexusSchemaId) {
        logTechTermAssistMetric(nexusSchemaId, {});
    }
</script><div class=""a-section a-spacing-small a-spacing-top-small""><figure class=""table""><table class=""a-normal a-spacing-micro""><tbody><tr class=""a-spacing-small po-brand""><td class=""a-span3""><span class=""a-size-base a-text-bold"">Brand</span></td><td class=""a-span9""><span class=""a-size-base po-break-word"">Crackseeds</span></td></tr><tr class=""a-spacing-small po-item_weight""><td class=""a-span3""><span class=""a-size-base a-text-bold"">Item Weight</span></td><td class=""a-span9""><span class=""a-size-base po-break-word"">1KG </span></td></tr><tr class=""a-spacing-small po-number_of_items""><td class=""a-span3""><span class=""a-size-base a-text-bold"">Number of Items</span></td><td class=""a-span9""><span class=""a-size-base po-break-word"">1</span></td></tr><tr class=""a-spacing-small po-unit_count""><td class=""a-span3""><span class=""a-size-base a-text-bold"">Net Quantity</span></td><td class=""a-span9""><span class=""a-size-base po-break-word"">1KG </span></td></tr><tr class=""a-spacing-small po-item_dimensions""><td class=""a-span3""><span class=""a-size-base a-text-bold"">Item dimensions L x W x H</span></td><td class=""a-span9""><span class=""a-size-base po-break-word"">7 x 6 x 5 Centimeters</span></td></tr><tr class=""a-spacing-small po-package_type_name""><td class=""a-span3""><span class=""a-size-base a-text-bold"">Package Type</span></td><td class=""a-span9""><span class=""a-size-base po-break-word"">Pouch</span></td></tr><tr class=""a-spacing-small po-region_of_origin""><td class=""a-span3""><span class=""a-size-base a-text-bold"">Region of Origin</span></td><td class=""a-span9""><span class=""a-size-base po-break-word"">India</span></td></tr></tbody></table></figure></div></div>",https://m.media-amazon.com/images/I/81mVoDnFKdL._SX679_.jpg,https://m.media-amazon.com/images/I/71ZMjYifvAL._SX679_.jpg,https://m.media-amazon.com/images/I/61i5Nvms0yL._SX679_.jpg,,
28,2 Gram- Pack of 1 UPAKARMA Original Kashmiri Kesar/Saffron | Handpicked Pure Finest Grade |,Default,XL,,199,949,"<div class=""a-section a-spacing-medium a-spacing-top-small"" id=""feature-bullets""><div class=""a-section a-spacing-none vnv-container"" id=""vnv-container""><div class=""a-section a-spacing-none vnv-inner-container vnv-inner-container-veg"" id=""inner-container-veg""><div class=""a-section vnv-outer"" id=""outer-veg""><div class=""a-section vnv-circle vnv-circle-veg"" id=""circle-veg""> </div></div></div><div class=""a-section vnv-text"" id=""text-veg"">This is a <strong>Vegetarian</strong> product.</div></div><ul><li class=""a-unordered-list a-vertical a-spacing-mini""><span class=""a-list-item"">Assured Quality - Upakarma Ayurveda Kesar is finest grade Kesar ensuring premium quality. Our Kesar is 100% natural, free from artificial flavors, colors and preservatives. Experience the assurance of authenticity and excellence with Upakarma.</span></li><li class=""a-unordered-list a-vertical a-spacing-mini""><span class=""a-list-item"">Long Vivid Deep Red Stigmas - Each strand of Upakarma Kesar is handpicked to avoid any breakage and packed in air-tight glass jars to ensure freshness till it reaches you. Their natural deep red color is perfect for flavoring and adding color to dishes.</span></li><li class=""a-unordered-list a-vertical a-spacing-mini""><span class=""a-list-item"">Culinary Purposes - Upakarma Kesar is a perfect choice for culinary dishes due to its authentic flavor, vibrant color, and aromatic qualities. Just 3-4 strands of Kesar can enhance dishes, adding a rich and distinctive taste. It is widely used in various cuisines, desserts, and beverages..</span></li><li class=""a-unordered-list a-vertical a-spacing-mini""><span class=""a-list-item"">Brightens Skin - Kesar helps in brightening skin, refining skin texture, and providing a flawless appearance, free from blemishes. Add kesar in your daily diet and experience a multitude of benefits as it does wonders on your skin.</span></li><li class=""a-unordered-list a-vertical a-spacing-mini""><span class=""a-list-item"">How To Use - To prepare the perfect infusion, take 2-3 strands of Kashmiri Kesar and immerse them in 20 ML of lukewarm milk or water for 5-10 minutes. Once soaked, the Kesar infusion is ready to use for creating delightful beverages and culinary delights.</span></li></ul><!-- Loading EDP related metadata --><div class=""a-section aok-hidden"" data-csa-c-content-id=""voyager-product-details-jumplink"" data-csa-c-slot-id=""voyager-product-details-jumplink"" data-csa-c-type=""link"" data-csa-c-id=""895k84-wamdlw-cws7tc-lhcyc2""><span class=""caretnext"">ƒ?§</span> <a class=""a-link-normal"" href=""#productDetails"" id=""seeMoreDetailsLink"">See more product details </a></div></div>",https://m.media-amazon.com/images/I/71V2uwn2PlL._SX679_.jpg,https://m.media-amazon.com/images/I/7161R3qu96L._SX679_.jpg,https://m.media-amazon.com/images/I/71hdAa9gy2L._SX679_.jpg,,
29,15 Kg  Maanu Cold Pressed Groundnut Peanuts Oil | Tin Can | Kolhu/Kacchi Ghani/Chekku/Ganuga | Peanut Oil | Natural | Chemical-Free | Cold Pressed Groundnut Oil for Cooking,Default,XS,,329,4599,"<div class=""a-expander-content a-expander-partial-collapse-content a-expander-content-expanded"" style=""padding-bottom:20px;"" data-expanded=""true""><style>
    .po-break-word {
        word-break: break-word;
    }
    .po-truncate-attribute .a-truncate-cut{
        word-break: break-word;
    }
    #po-tta-action {
        padding: 0;
    }
</style><script type=""text/javascript"">
    function logTechTermAssistMetric(nexusSchemaId, metricParameters) {
        if (typeof window.csa !== &apos;undefined&apos;) {
            var ttaEvents = csa(""Events"", {producerId: ""cetech-tta""});

            metricParameters.schemaId = nexusSchemaId;

            metricParameters.asin = &apos;B0D98LSKCG&apos;;
            metricParameters.deviceType = &apos;web&apos;;
            metricParameters.productType = &apos;EDIBLE_OIL_VEGETABLE&apos;;
            metricParameters.obfuscatedMarketplaceId = &apos;A21TJRUUN4KGV&apos;;

            ttaEvents(""log"", metricParameters, { ent: &apos;all&apos; });
        }
    }

    function logTechTermAssistEvent(nexusSchemaId) {
        logTechTermAssistMetric(nexusSchemaId, {});
    }
</script><div class=""a-section a-spacing-small a-spacing-top-small""><figure class=""table""><table class=""a-normal a-spacing-micro""><tbody><tr class=""a-spacing-small po-brand""><td class=""a-span3""><span class=""a-size-base a-text-bold"">Brand</span></td><td class=""a-span9""><span class=""a-size-base po-break-word"">Maanu</span></td></tr><tr class=""a-spacing-small po-diet_type""><td class=""a-span3""><span class=""a-size-base a-text-bold"">Diet Type</span></td><td class=""a-span9""><span class=""a-size-base po-break-word"">Vegetarian</span></td></tr><tr class=""a-spacing-small po-flavor""><td class=""a-span3""><span class=""a-size-base a-text-bold"">Flavour</span></td><td class=""a-span9""><span class=""a-size-base po-break-word"">Peanut</span></td></tr><tr class=""a-spacing-small po-net_content_volume""><td class=""a-span3""><span class=""a-size-base a-text-bold"">Net Content Volume</span></td><td class=""a-span9""><span class=""a-size-base po-break-word"">16.48 Litres</span></td></tr><tr class=""a-spacing-small po-special_feature""><td class=""a-span3""><span class=""a-size-base a-text-bold"">Special Feature</span></td><td class=""a-span9""><span class=""a-size-base po-break-word"">Cold Pressed, Unrefined</span></td></tr><tr class=""a-spacing-small po-liquid_volume""><td class=""a-span3""><span class=""a-size-base a-text-bold"">Liquid Volume</span></td><td class=""a-span9""><span class=""a-size-base po-break-word"">16.48 Litres</span></td></tr><tr class=""a-spacing-small po-container.material""><td class=""a-span3""><span class=""a-size-base a-text-bold"">Container Material</span></td><td class=""a-span9""><span class=""a-size-base po-break-word"">Tin, Tin</span></td></tr><tr class=""a-spacing-small po-item_form""><td class=""a-span3""><span class=""a-size-base a-text-bold"">Item Form</span></td><td class=""a-span9""><span class=""a-size-base po-break-word"">Oil</span></td></tr><tr class=""a-spacing-small po-specialty""><td class=""a-span3""><span class=""a-size-base a-text-bold"">Speciality</span></td><td class=""a-span9""><span class=""a-size-base po-break-word"">Sugar Free</span></td></tr><tr class=""a-spacing-small po-recommended_uses_for_product""><td class=""a-span3""><span class=""a-size-base a-text-bold"">Recommended Uses For Product</span></td><td class=""a-span9""><span class=""a-size-base po-break-word"">Skin Care, Cooking, Hair Care, Frying, Sauteing, Food, Baking</span></td></tr></tbody></table></figure></div></div>",https://m.media-amazon.com/images/I/51WxTBStbcL._SX679_.jpg,https://m.media-amazon.com/images/I/51GJPSM3M0L._SX679_.jpg,https://m.media-amazon.com/images/I/61poBdYvuAL._SX679_.jpg,,
30,(1 kg) WONDERLAND Raw California Independence Almonds Almonds (Badam),Default,XS,,179,770,"<div class=""GNDEQ-""><p class=""_4BJ2V+"">General</p><figure class=""table""><table class=""_0ZhAN9""><tbody><tr class=""WJdYP6 row""><td class=""+fFi1w col col-3-12"">Brand</td><td class=""Izz52n col col-9-12""><ul><li class=""HPETK2"">WONDERLAND</li></ul></td></tr><tr class=""WJdYP6 row""><td class=""+fFi1w col col-3-12"">Quantity</td><td class=""Izz52n col col-9-12""><ul><li class=""HPETK2"">1 kg</li></ul></td></tr><tr class=""WJdYP6 row""><td class=""+fFi1w col col-3-12"">Type</td><td class=""Izz52n col col-9-12""><ul><li class=""HPETK2"">Almonds</li></ul></td></tr><tr class=""WJdYP6 row""><td class=""+fFi1w col col-3-12"">Variant</td><td class=""Izz52n col col-9-12""><ul><li class=""HPETK2"">Plain</li></ul></td></tr><tr class=""WJdYP6 row""><td class=""+fFi1w col col-3-12"">Container Type</td><td class=""Izz52n col col-9-12""><ul><li class=""HPETK2"">Pouch</li></ul></td></tr><tr class=""WJdYP6 row""><td class=""+fFi1w col col-3-12"">Model Name</td><td class=""Izz52n col col-9-12""><ul><li class=""HPETK2"">Raw California Independence Almonds</li></ul></td></tr><tr class=""WJdYP6 row""><td class=""+fFi1w col col-3-12"">Combo</td><td class=""Izz52n col col-9-12""><ul><li class=""HPETK2"">No</li></ul></td></tr><tr class=""WJdYP6 row""><td class=""+fFi1w col col-3-12"">Maximum Shelf Life</td><td class=""Izz52n col col-9-12""><ul><li class=""HPETK2"">365 Days</li></ul></td></tr><tr class=""WJdYP6 row""><td class=""+fFi1w col col-3-12"">Added Preservatives</td><td class=""Izz52n col col-9-12""><ul><li class=""HPETK2"">No</li></ul></td></tr><tr class=""WJdYP6 row""><td class=""+fFi1w col col-3-12"">Gift Pack</td><td class=""Izz52n col col-9-12""><ul><li class=""HPETK2"">No</li></ul></td></tr><tr class=""WJdYP6 row""><td class=""+fFi1w col col-3-12"">Nutrient Content</td><td class=""Izz52n col col-9-12""><ul><li class=""HPETK2"">NA</li></ul></td></tr><tr class=""WJdYP6 row""><td class=""+fFi1w col col-3-12"">Net Quantity</td><td class=""Izz52n col col-9-12""><ul><li class=""HPETK2"">1 kg</li></ul></td></tr></tbody></table></figure></div>",https://rukminim2.flixcart.com/image/832/832/xif0q/nut-dry-fruit/z/3/0/-original-imah5b4wcdvy3fuy.jpeg?q=70,https://rukminim2.flixcart.com/image/832/832/xif0q/nut-dry-fruit/q/u/z/-original-imah5b4wzf8dzfp7.jpeg?q=70,,,
31,"3kg Goshudh Badam 1Kg, Kaju 1Kg, Pista 1Kg Combo Pack 3000g",Default,S,,249,899,"<div class=""imgTagWrapper"" style=""height:506.494px;"" id=""imgTagWrapperId""><img class=""a-dynamic-image a-stretch-horizontal"" style=""max-height:346.871px;max-width:390px;"" src=""https://m.media-amazon.com/images/I/81DxKBPX+IL._SX679_PIbundle-3,TopRight,0,0_SX679SY604SH20_.jpg"" alt=""Goshudh Badam 1Kg, Kaju 1Kg, Pista 1Kg Combo Pack 3000g"" data-old-hires=""https://m.media-amazon.com/images/I/81DxKBPX+IL._SL1500_.jpg"" onload=""markFeatureRenderForImageBlock(); this.onload=&apos;;setCSMReq(&apos;af&apos;);if(typeof addlongPoleTag === &apos;function&apos;){ addlongPoleTag(&apos;af&apos;,&apos;desktop-image-atf-marker&apos;);};setCSMReq(&apos;cf&apos;)"" data-a-image-name=""landingImage"" id=""landingImage"" data-a-dynamic-image=""{&quot;https://m.media-amazon.com/images/I/81DxKBPX+IL._SX425_PIbundle-3,TopRight,0,0_SX425SY378SH20_.jpg&quot;:[378,425],&quot;https://m.media-amazon.com/images/I/81DxKBPX+IL._SX466_PIbundle-3,TopRight,0,0_SX466SY414SH20_.jpg&quot;:[414,466],&quot;https://m.media-amazon.com/images/I/81DxKBPX+IL._SX385_PIbundle-3,TopRight,0,0_SX385SY342SH20_.jpg&quot;:[342,385],&quot;https://m.media-amazon.com/images/I/81DxKBPX+IL._SX679_PIbundle-3,TopRight,0,0_SX679SY604SH20_.jpg&quot;:[604,679],&quot;https://m.media-amazon.com/images/I/81DxKBPX+IL._SX342_PIbundle-3,TopRight,0,0_SX342SY304SH20_.jpg&quot;:[304,342],&quot;https://m.media-amazon.com/images/I/81DxKBPX+IL._SX522_PIbundle-3,TopRight,0,0_SX522SY464SH20_.jpg&quot;:[464,522],&quot;https://m.media-amazon.com/images/I/81DxKBPX+IL._SX569_PIbundle-3,TopRight,0,0_SX569SY506SH20_.jpg&quot;:[506,569]}""></div>","https://m.media-amazon.com/images/I/81DxKBPX+IL._SX679_PIbundle-3,TopRight,0,0_SX679SY604SH20_.jpg",,,,
32,"1 Kg Broken walnuts  without shell | Akhrot Giri | No Shells, All Flavor | Perfect for Snacking & Baking | Walnut kernels dry fruit value pack",Default,XXL,,199,1199,"<div class=""a-section a-spacing-medium a-spacing-top-small"" id=""feature-bullets""><div class=""a-section a-spacing-none vnv-container"" id=""vnv-container""><div class=""a-section a-spacing-none vnv-inner-container vnv-inner-container-veg"" id=""inner-container-veg""><div class=""a-section vnv-outer"" id=""outer-veg""><div class=""a-section vnv-circle vnv-circle-veg"" id=""circle-veg""> </div></div></div><div class=""a-section vnv-text"" id=""text-veg"">This is a <strong>Vegetarian</strong> product.</div></div><ul><li class=""a-unordered-list a-vertical a-spacing-mini""><span class=""a-list-item"">Considered ""brain food"" due to its high levels of omega-3;Fruitri products are procured directly from growers and are processed and packed in our hygienic processing plant to retain their natural freshness, aroma and the original nutrients</span></li><li class=""a-unordered-list a-vertical a-spacing-mini""><span class=""a-list-item"">This walnut kernels are of high-quality, crispy and fresh from Kashmir. A handful of walnut kernels are very nutritious and perfectly good for healthy life. Considered ""brain food"" due to its high levels of omega-3. Walnuts are great in baked goods and breakfast treats like zucchini walnut bread, carrot walnut muffins and apple walnut pancakes.</span></li><li class=""a-unordered-list a-vertical a-spacing-mini""><span class=""a-list-item"">These walnuts are light broken which are great in baked goods and breakfast treats like zucchini walnut bread, carrot walnut muffins and apple walnut pancakes</span></li><li class=""a-unordered-list a-vertical a-spacing-mini""><span class=""a-list-item"">100% Natural,Fresh, crisp and delicious Walnut by Fruitri - Grade 4 pieces; allergen_information: Walnuts.</span></li><li class=""a-unordered-list a-vertical a-spacing-mini""><span class=""a-list-item"">Allergen Information: Tree Nuts;Form Factor: Walnut Ketnel</span></li></ul><!-- Loading EDP related metadata --><div class=""a-section aok-hidden"" data-csa-c-content-id=""voyager-product-details-jumplink"" data-csa-c-slot-id=""voyager-product-details-jumplink"" data-csa-c-type=""link"" data-csa-c-id=""nmvplv-m9jp85-sewkp4-enlofw""><span class=""caretnext"">ƒ?§</span> <a class=""a-link-normal"" href=""#productDetails"" id=""seeMoreDetailsLink"">See more product details</a></div></div>","https://m.media-amazon.com/images/I/71rPeNdcrlL._SX679_PIbundle-2,TopRight,0,0_AA679SH20_.jpg",https://m.media-amazon.com/images/I/81xQ5cUEZFL._SX679_.jpg,https://m.media-amazon.com/images/I/71z5kNX5o+L._SX679_.jpg,,
33,"Aashirvaad Shudh Chakki Atta, 5kg Pack, 100% Whole Wheat Flour, 0% Maida",Default,XS,,279,999,"<div class=""a-expander-content a-expander-partial-collapse-content a-expander-content-expanded"" style=""padding-bottom:20px;"" data-expanded=""true""><style>
    .po-break-word {
        word-break: break-word;
    }
    .po-truncate-attribute .a-truncate-cut{
        word-break: break-word;
    }
    #po-tta-action {
        padding: 0;
    }
</style><script type=""text/javascript"">
    function logTechTermAssistMetric(nexusSchemaId, metricParameters) {
        if (typeof window.csa !== &apos;undefined&apos;) {
            var ttaEvents = csa(""Events"", {producerId: ""cetech-tta""});

            metricParameters.schemaId = nexusSchemaId;

            metricParameters.asin = &apos;B007GGTLEC&apos;;
            metricParameters.deviceType = &apos;web&apos;;
            metricParameters.productType = &apos;FLOUR&apos;;
            metricParameters.obfuscatedMarketplaceId = &apos;A21TJRUUN4KGV&apos;;

            ttaEvents(""log"", metricParameters, { ent: &apos;all&apos; });
        }
    }

    function logTechTermAssistEvent(nexusSchemaId) {
        logTechTermAssistMetric(nexusSchemaId, {});
    }
</script><div class=""a-section a-spacing-small a-spacing-top-small""><figure class=""table""><table class=""a-normal a-spacing-micro""><tbody><tr class=""a-spacing-small po-brand""><td class=""a-span3""><span class=""a-size-base a-text-bold"">Brand</span></td><td class=""a-span9""><span class=""a-size-base po-break-word"">Aashirvaad</span></td></tr><tr class=""a-spacing-small po-item_weight""><td class=""a-span3""><span class=""a-size-base a-text-bold"">Item Weight</span></td><td class=""a-span9""><span class=""a-size-base po-break-word"">5000 Grams</span></td></tr><tr class=""a-spacing-small po-allergen_information""><td class=""a-span3""><span class=""a-size-base a-text-bold"">Allergen Information</span></td><td class=""a-span9""><span class=""a-size-base po-break-word"">Wheat</span></td></tr><tr class=""a-spacing-small po-specialty""><td class=""a-span3""><span class=""a-size-base a-text-bold"">Speciality</span></td><td class=""a-span9""><span class=""a-size-base po-break-word"">Vegetarian</span></td></tr><tr class=""a-spacing-small po-diet_type""><td class=""a-span3""><span class=""a-size-base a-text-bold"">Diet Type</span></td><td class=""a-span9""><span class=""a-size-base po-break-word"">Vegetarian</span></td></tr><tr class=""a-spacing-small po-item_package_weight""><td class=""a-span3""><span class=""a-size-base a-text-bold"">Package Weight</span></td><td class=""a-span9""><span class=""a-size-base po-break-word"">5.06 Kilograms</span></td></tr><tr class=""a-spacing-small po-item_form""><td class=""a-span3""><span class=""a-size-base a-text-bold"">Item Form</span></td><td class=""a-span9""><span class=""a-size-base po-break-word"">Atta</span></td></tr><tr class=""a-spacing-small po-number_of_items""><td class=""a-span3""><span class=""a-size-base a-text-bold"">Number of Items</span></td><td class=""a-span9""><span class=""a-size-base po-break-word"">1</span></td></tr><tr class=""a-spacing-small po-unit_count""><td class=""a-span3""><span class=""a-size-base a-text-bold"">Net Quantity</span></td><td class=""a-span9""><span class=""a-size-base po-break-word"">5000.0 gram</span></td></tr><tr class=""a-spacing-small po-manufacturer""><td class=""a-span3""><span class=""a-size-base a-text-bold"">Manufacturer</span></td><td class=""a-span9""><span class=""a-size-base po-break-word"">ITC Atta, ITC Limited, Kolkata</span></td></tr></tbody></table></figure></div></div>",https://m.media-amazon.com/images/I/91vlPmt5x6L._SY741_.jpg,https://m.media-amazon.com/images/I/91Na1oLkSDL._SX679_.jpg,https://m.media-amazon.com/images/I/91iiP3oBsHL._SX679_.jpg,,
34,1Kg MJ TASTE NATURAL Cardamom  | Aromatic Spice for Culinary Excellence,Default,XS,,293,4999,"<div class=""imgTagWrapper"" style=""height:506.494px;"" id=""imgTagWrapperId""><img class=""a-dynamic-image a-stretch-horizontal"" style=""max-height:390px;max-width:390px;"" src=""https://m.media-amazon.com/images/I/61dIRgv5Z6L._SX679_.jpg"" alt=""MJ TASTE NATURAL Cardamom 1Kg | Aromatic Spice for Culinary Excellence"" data-old-hires=""https://m.media-amazon.com/images/I/61dIRgv5Z6L._SL1080_.jpg"" onload=""markFeatureRenderForImageBlock(); this.onload=&apos;;setCSMReq(&apos;af&apos;);if(typeof addlongPoleTag === &apos;function&apos;){ addlongPoleTag(&apos;af&apos;,&apos;desktop-image-atf-marker&apos;);};setCSMReq(&apos;cf&apos;)"" data-a-image-name=""landingImage"" id=""landingImage"" data-a-dynamic-image=""{&quot;https://m.media-amazon.com/images/I/61dIRgv5Z6L._SX425_.jpg&quot;:[425,425],&quot;https://m.media-amazon.com/images/I/61dIRgv5Z6L._SX522_.jpg&quot;:[522,522],&quot;https://m.media-amazon.com/images/I/61dIRgv5Z6L._SX569_.jpg&quot;:[569,569],&quot;https://m.media-amazon.com/images/I/61dIRgv5Z6L._SX385_.jpg&quot;:[385,385],&quot;https://m.media-amazon.com/images/I/61dIRgv5Z6L._SX342_.jpg&quot;:[342,342],&quot;https://m.media-amazon.com/images/I/61dIRgv5Z6L._SX679_.jpg&quot;:[679,679],&quot;https://m.media-amazon.com/images/I/61dIRgv5Z6L._SX466_.jpg&quot;:[466,466]}""></div>",https://m.media-amazon.com/images/I/61dIRgv5Z6L._SX679_.jpg,https://m.media-amazon.com/images/I/7162+5bZc5L._SX679_.jpg,https://m.media-amazon.com/images/I/61vIyU76q+L._SX679_.jpg,,
35,"5 Litre Jar + 1L Pouch Saffola Gold Refined Cooking oil | Power of 3 - Balance of Good Fats, Triple Anti-Oxidant System & Fortified with Vitamins | Multi-Source Edible Rice Bran & Sunflower Oil |",Default,S,,219,2999,"<div class=""a-expander-content a-expander-partial-collapse-content a-expander-content-expanded"" style=""padding-bottom:20px;"" data-expanded=""true""><style>
    .po-break-word {
        word-break: break-word;
    }
    .po-truncate-attribute .a-truncate-cut{
        word-break: break-word;
    }
    #po-tta-action {
        padding: 0;
    }
</style><script type=""text/javascript"">
    function logTechTermAssistMetric(nexusSchemaId, metricParameters) {
        if (typeof window.csa !== &apos;undefined&apos;) {
            var ttaEvents = csa(""Events"", {producerId: ""cetech-tta""});

            metricParameters.schemaId = nexusSchemaId;

            metricParameters.asin = &apos;B00R5FEJIW&apos;;
            metricParameters.deviceType = &apos;web&apos;;
            metricParameters.productType = &apos;EDIBLE_OIL_VEGETABLE&apos;;
            metricParameters.obfuscatedMarketplaceId = &apos;A21TJRUUN4KGV&apos;;

            ttaEvents(""log"", metricParameters, { ent: &apos;all&apos; });
        }
    }

    function logTechTermAssistEvent(nexusSchemaId) {
        logTechTermAssistMetric(nexusSchemaId, {});
    }
</script><div class=""a-section a-spacing-small a-spacing-top-small""><figure class=""table""><table class=""a-normal a-spacing-micro""><tbody><tr class=""a-spacing-small po-brand""><td class=""a-span3""><span class=""a-size-base a-text-bold"">Brand</span></td><td class=""a-span9""><span class=""a-size-base po-break-word"">Saffola</span></td></tr><tr class=""a-spacing-small po-diet_type""><td class=""a-span3""><span class=""a-size-base a-text-bold"">Diet Type</span></td><td class=""a-span9""><span class=""a-size-base po-break-word"">Vegetarian</span></td></tr><tr class=""a-spacing-small po-flavor""><td class=""a-span3""><span class=""a-size-base a-text-bold"">Flavour</span></td><td class=""a-span9""><span class=""a-size-base po-break-word"">Sunflower, Rice Bran</span></td></tr><tr class=""a-spacing-small po-net_content_volume""><td class=""a-span3""><span class=""a-size-base a-text-bold"">Net Content Volume</span></td><td class=""a-span9""><span class=""a-size-base po-break-word"">5000 Millilitres, 5 Litres</span></td></tr><tr class=""a-spacing-small po-special_feature""><td class=""a-span3""><span class=""a-size-base a-text-bold"">Special Feature</span></td><td class=""a-span9""><span class=""a-size-base po-break-word"">Blended</span></td></tr><tr class=""a-spacing-small po-liquid_volume""><td class=""a-span3""><span class=""a-size-base a-text-bold"">Liquid Volume</span></td><td class=""a-span9""><span class=""a-size-base po-break-word"">5 Litres</span></td></tr><tr class=""a-spacing-small po-item_package_quantity""><td class=""a-span3""><span class=""a-size-base a-text-bold"">Item Package Quantity</span></td><td class=""a-span9""><span class=""a-size-base po-break-word"">1</span></td></tr><tr class=""a-spacing-small po-item_form""><td class=""a-span3""><span class=""a-size-base a-text-bold"">Item Form</span></td><td class=""a-span9""><span class=""a-size-base po-break-word"">Oil</span></td></tr><tr class=""a-spacing-small po-specialty""><td class=""a-span3""><span class=""a-size-base a-text-bold"">Speciality</span></td><td class=""a-span9""><span class=""a-size-base po-break-word"">anti-oxidant</span></td></tr><tr class=""a-spacing-small po-recommended_uses_for_product""><td class=""a-span3""><span class=""a-size-base a-text-bold"">Recommended Uses For Product</span></td><td class=""a-span9""><span class=""a-size-base po-break-word"">Frying</span></td></tr></tbody></table></figure></div></div>","https://m.media-amazon.com/images/I/71qTlx+7CzL._SX679_PIbundle-2,TopRight,0,0_AA679SH20_.jpg",https://m.media-amazon.com/images/I/71nhPCrj5TL._SX679_.jpg,,,
36,"5L Gemini Oil_ARIPL Gemini Refined Sunflower Oil Jar,  (West)",Default,XS,,219,999,"<div class=""a-expander-content a-expander-partial-collapse-content a-expander-content-expanded"" style=""padding-bottom:20px;"" data-expanded=""true""><style>
    .po-break-word {
        word-break: break-word;
    }
    .po-truncate-attribute .a-truncate-cut{
        word-break: break-word;
    }
    #po-tta-action {
        padding: 0;
    }
</style><script type=""text/javascript"">
    function logTechTermAssistMetric(nexusSchemaId, metricParameters) {
        if (typeof window.csa !== &apos;undefined&apos;) {
            var ttaEvents = csa(""Events"", {producerId: ""cetech-tta""});

            metricParameters.schemaId = nexusSchemaId;

            metricParameters.asin = &apos;B019FCFJWW&apos;;
            metricParameters.deviceType = &apos;web&apos;;
            metricParameters.productType = &apos;EDIBLE_OIL_VEGETABLE&apos;;
            metricParameters.obfuscatedMarketplaceId = &apos;A21TJRUUN4KGV&apos;;

            ttaEvents(""log"", metricParameters, { ent: &apos;all&apos; });
        }
    }

    function logTechTermAssistEvent(nexusSchemaId) {
        logTechTermAssistMetric(nexusSchemaId, {});
    }
</script><div class=""a-section a-spacing-small a-spacing-top-small""><figure class=""table""><table class=""a-normal a-spacing-micro""><tbody><tr class=""a-spacing-small po-brand""><td class=""a-span3""><span class=""a-size-base a-text-bold"">Brand</span></td><td class=""a-span9""><span class=""a-size-base po-break-word"">Gemini</span></td></tr><tr class=""a-spacing-small po-diet_type""><td class=""a-span3""><span class=""a-size-base a-text-bold"">Diet Type</span></td><td class=""a-span9""><span class=""a-size-base po-break-word"">Vegetarian</span></td></tr><tr class=""a-spacing-small po-flavor""><td class=""a-span3""><span class=""a-size-base a-text-bold"">Flavour</span></td><td class=""a-span9""><span class=""a-size-base po-break-word"">sunflower</span></td></tr><tr class=""a-spacing-small po-net_content_volume""><td class=""a-span3""><span class=""a-size-base a-text-bold"">Net Content Volume</span></td><td class=""a-span9""><span class=""a-size-base po-break-word"">5 Litres, 5000 Millilitres</span></td></tr><tr class=""a-spacing-small po-special_feature""><td class=""a-span3""><span class=""a-size-base a-text-bold"">Special Feature</span></td><td class=""a-span9""><span class=""a-size-base po-break-word"">Refined</span></td></tr><tr class=""a-spacing-small po-liquid_volume""><td class=""a-span3""><span class=""a-size-base a-text-bold"">Liquid Volume</span></td><td class=""a-span9""><span class=""a-size-base po-break-word"">5 Litres</span></td></tr><tr class=""a-spacing-small po-item_package_quantity""><td class=""a-span3""><span class=""a-size-base a-text-bold"">Item Package Quantity</span></td><td class=""a-span9""><span class=""a-size-base po-break-word"">1</span></td></tr><tr class=""a-spacing-small po-product_shelf_life""><td class=""a-span3""><span class=""a-size-base a-text-bold"">Shelf Life</span></td><td class=""a-span9""><span class=""a-size-base po-break-word"">270 Days</span></td></tr><tr class=""a-spacing-small po-item_form""><td class=""a-span3""><span class=""a-size-base a-text-bold"">Item Form</span></td><td class=""a-span9""><span class=""a-size-base po-break-word"">Oil</span></td></tr><tr class=""a-spacing-small po-specialty""><td class=""a-span3""><span class=""a-size-base a-text-bold"">Speciality</span></td><td class=""a-span9""><span class=""a-size-base po-break-word"">Vegetarian</span></td></tr></tbody></table></figure></div></div>",https://m.media-amazon.com/images/I/71D7GpxoruL._SY741_.jpg,https://m.media-amazon.com/images/I/71D7GpxoruL._SY741_.jpg,,,
37,"6kg+2kg Tide Plus Detergent Washing Powder - free | Jasmine & Rose Fragrance | Removes deep-seated Oil, Gravy, Tea Stains | 8kg, Pack of 1",Default,XS,,249,999,"<div class=""a-expander-content a-expander-partial-collapse-content a-expander-content-expanded"" style=""padding-bottom:20px;"" data-expanded=""true""><style>
    .po-break-word {
        word-break: break-word;
    }
    .po-truncate-attribute .a-truncate-cut{
        word-break: break-word;
    }
    #po-tta-action {
        padding: 0;
    }
</style><script type=""text/javascript"">
    function logTechTermAssistMetric(nexusSchemaId, metricParameters) {
        if (typeof window.csa !== &apos;undefined&apos;) {
            var ttaEvents = csa(""Events"", {producerId: ""cetech-tta""});

            metricParameters.schemaId = nexusSchemaId;

            metricParameters.asin = &apos;B079QBSYSX&apos;;
            metricParameters.deviceType = &apos;web&apos;;
            metricParameters.productType = &apos;LAUNDRY_DETERGENT&apos;;
            metricParameters.obfuscatedMarketplaceId = &apos;A21TJRUUN4KGV&apos;;

            ttaEvents(""log"", metricParameters, { ent: &apos;all&apos; });
        }
    }

    function logTechTermAssistEvent(nexusSchemaId) {
        logTechTermAssistMetric(nexusSchemaId, {});
    }
</script><div class=""a-section a-spacing-small a-spacing-top-small""><figure class=""table""><table class=""a-normal a-spacing-micro""><tbody><tr class=""a-spacing-small po-brand""><td class=""a-span3""><span class=""a-size-base a-text-bold"">Brand</span></td><td class=""a-span9""><span class=""a-size-base po-break-word"">Tide</span></td></tr><tr class=""a-spacing-small po-item_form""><td class=""a-span3""><span class=""a-size-base a-text-bold"">Item Form</span></td><td class=""a-span9""><span class=""a-size-base po-break-word"">Powder</span></td></tr><tr class=""a-spacing-small po-scent""><td class=""a-span3""><span class=""a-size-base a-text-bold"">Scent</span></td><td class=""a-span9""><span class=""a-size-base po-break-word"">Jasmine, Rose</span></td></tr><tr class=""a-spacing-small po-unit_count""><td class=""a-span3""><span class=""a-size-base a-text-bold"">Net Quantity</span></td><td class=""a-span9""><span class=""a-size-base po-break-word"">8000.0 gram</span></td></tr><tr class=""a-spacing-small po-material_type_free""><td class=""a-span3""><span class=""a-size-base a-text-bold"">Material Type Free</span></td><td class=""a-span9""><span class=""a-size-base po-break-word"">Bleach Free</span></td></tr><tr class=""a-spacing-small po-number_of_items""><td class=""a-span3""><span class=""a-size-base a-text-bold"">Number of Items</span></td><td class=""a-span9""><span class=""a-size-base po-break-word"">1</span></td></tr><tr class=""a-spacing-small po-formulation_type""><td class=""a-span3""><span class=""a-size-base a-text-bold"">Formulation Type</span></td><td class=""a-span9""><span class=""a-size-base po-break-word"">Cold Water</span></td></tr><tr class=""a-spacing-small po-specific_uses_for_product""><td class=""a-span3""><span class=""a-size-base a-text-bold"">Specific Uses For Product</span></td><td class=""a-span9""><span class=""a-size-base po-break-word"">Whitening, Dirt Remover, Stain Remover, Cleaning</span></td></tr><tr class=""a-spacing-small po-item_weight""><td class=""a-span3""><span class=""a-size-base a-text-bold"">Item Weight</span></td><td class=""a-span9""><span class=""a-size-base po-break-word"">8093 Grams</span></td></tr><tr class=""a-spacing-small po-liquid_volume""><td class=""a-span3""><span class=""a-size-base a-text-bold"">Liquid Volume</span></td><td class=""a-span9""><span class=""a-size-base po-break-word"">2000 Millilitres</span></td></tr></tbody></table></figure></div></div>",https://m.media-amazon.com/images/I/71l5z0vNs3L._SX679_.jpg,https://m.media-amazon.com/images/I/81GNvBbouhL._SX679_.jpg,,,
38,5 Kg Surf Excel Easy Wash Detergent Powder,Default,L,,151,770,"<div class=""a-expander-content a-expander-partial-collapse-content a-expander-content-expanded"" style=""padding-bottom:20px;"" data-expanded=""true""><style>
    .po-break-word {
        word-break: break-word;
    }
    .po-truncate-attribute .a-truncate-cut{
        word-break: break-word;
    }
    #po-tta-action {
        padding: 0;
    }
</style><script type=""text/javascript"">
    function logTechTermAssistMetric(nexusSchemaId, metricParameters) {
        if (typeof window.csa !== &apos;undefined&apos;) {
            var ttaEvents = csa(""Events"", {producerId: ""cetech-tta""});

            metricParameters.schemaId = nexusSchemaId;

            metricParameters.asin = &apos;B09C3VGV8G&apos;;
            metricParameters.deviceType = &apos;web&apos;;
            metricParameters.productType = &apos;LAUNDRY_DETERGENT&apos;;
            metricParameters.obfuscatedMarketplaceId = &apos;A21TJRUUN4KGV&apos;;

            ttaEvents(""log"", metricParameters, { ent: &apos;all&apos; });
        }
    }

    function logTechTermAssistEvent(nexusSchemaId) {
        logTechTermAssistMetric(nexusSchemaId, {});
    }
</script><div class=""a-section a-spacing-small a-spacing-top-small""><figure class=""table""><table class=""a-normal a-spacing-micro""><tbody><tr class=""a-spacing-small po-brand""><td class=""a-span3""><span class=""a-size-base a-text-bold"">Brand</span></td><td class=""a-span9""><span class=""a-size-base po-break-word"">Surf Excel</span></td></tr><tr class=""a-spacing-small po-item_form""><td class=""a-span3""><span class=""a-size-base a-text-bold"">Item Form</span></td><td class=""a-span9""><span class=""a-size-base po-break-word"">Powder</span></td></tr><tr class=""a-spacing-small po-scent""><td class=""a-span3""><span class=""a-size-base a-text-bold"">Scent</span></td><td class=""a-span9""><span class=""a-size-base po-break-word"">Floral</span></td></tr><tr class=""a-spacing-small po-unit_count""><td class=""a-span3""><span class=""a-size-base a-text-bold"">Net Quantity</span></td><td class=""a-span9""><span class=""a-size-base po-break-word"">5000.0 gram</span></td></tr><tr class=""a-spacing-small po-material_type_free""><td class=""a-span3""><span class=""a-size-base a-text-bold"">Material Type Free</span></td><td class=""a-span9""><span class=""a-size-base po-break-word"">CHEMICAL FREE</span></td></tr><tr class=""a-spacing-small po-material_feature""><td class=""a-span3""><span class=""a-size-base a-text-bold"">Material Feature</span></td><td class=""a-span9""><span class=""a-size-base po-break-word"">Fragrance Free</span></td></tr><tr class=""a-spacing-small po-number_of_items""><td class=""a-span3""><span class=""a-size-base a-text-bold"">Number of Items</span></td><td class=""a-span9""><span class=""a-size-base po-break-word"">1</span></td></tr><tr class=""a-spacing-small po-formulation_type""><td class=""a-span3""><span class=""a-size-base a-text-bold"">Formulation Type</span></td><td class=""a-span9""><span class=""a-size-base po-break-word"">Regular</span></td></tr><tr class=""a-spacing-small po-specific_uses_for_product""><td class=""a-span3""><span class=""a-size-base a-text-bold"">Specific Uses For Product</span></td><td class=""a-span9""><span class=""a-size-base po-break-word"">Machine Wash</span></td></tr><tr class=""a-spacing-small po-item_weight""><td class=""a-span3""><span class=""a-size-base a-text-bold"">Item Weight</span></td><td class=""a-span9""><span class=""a-size-base po-break-word"">5 Kilograms</span></td></tr></tbody></table></figure></div></div>",https://m.media-amazon.com/images/I/61s5orKgmwL._SX679_.jpg,https://m.media-amazon.com/images/I/616rE8iiXsL._SX679_.jpg,,,
39,1 KG Regency Walnut Inshell,Default,S,,179,899,"<p><span style=""color:rgb(53,63,76);""><strong>Introducing Regency&apos;s Premium In-Shell Walnuts (Akhrot), a symbol of royal and refined taste. These walnuts are not just crunchy; they offer an exceptional flavour that makes them a fantastic choice for snack enthusiasts. Ideal for an active lifestyle, they are a versatile addition to your diet. Enjoy these walnuts straight from the shell, or add them to breakfast cereals, salads, soups, and baked confections for an extra touch of gourmet flavour. These walnuts are vegan-friendly, sugar-free, and gluten-free, making them suitable for a wide range of dietary preferences.</strong></span></p>",https://www.bigbasket.com/media/uploads/p/l/40142874_4-regency-walnut-in-shell-premium.jpg,https://www.bigbasket.com/media/uploads/p/l/40142874-2_4-regency-walnut-in-shell-premium.jpg,https://www.bigbasket.com/media/uploads/p/l/40142874-4_3-regency-walnut-in-shell-premium.jpg,,
40,"1kg Pista|Roasted Salted Pista|Crunchy Pistachios|Tasty & Healthy Nuts Dry Fruits|Rich in Protein, Fibre, Gluten Free & Low Calories|Healthy Snacks|Dry Fruit Gift Pack",Default,M,,239,1299,"<div class=""a-section a-spacing-medium a-spacing-top-small"" id=""feature-bullets""><div class=""a-section a-spacing-none vnv-container"" id=""vnv-container""><div class=""a-section a-spacing-none vnv-inner-container vnv-inner-container-veg"" id=""inner-container-veg""><div class=""a-section vnv-outer"" id=""outer-veg""><div class=""a-section vnv-circle vnv-circle-veg"" id=""circle-veg""> </div></div></div><div class=""a-section vnv-text"" id=""text-veg"">This is a <strong>Vegetarian</strong> product.</div></div><hr><ul><li class=""a-unordered-list a-vertical a-spacing-mini""><span class=""a-list-item"">California Unsalted Pistachios: A snacking sensation grown in the heart of California sunshine for superior quality and taste. An excellent source of plant-based protein and healthy fats to keep you energized.</span></li><li class=""a-unordered-list a-vertical a-spacing-mini""><span class=""a-list-item"">Unsalted option for a natural taste and versatility in various recipes: Perfect for a satisfying and exciting snacking experience! A good source of protein, fiber, and essential nutrients for a healthy lifestyle and perfect for sharing.</span></li><li class=""a-unordered-list a-vertical a-spacing-mini""><span class=""a-list-item"">The Original Snacking Experience: Raw In-Shell Pistachios- Enjoy the mindful practice of cracking open fresh, raw pistachios! These pistachios are bursting with fresh flavor, a testament to their natural origin and careful cultivation.</span></li><li class=""a-unordered-list a-vertical a-spacing-mini""><span class=""a-list-item"">Packed in a Resealable pouch for long-lasting freshness and convenient portion control.</span></li><li class=""a-unordered-list a-vertical a-spacing-mini""><span class=""a-list-item"">Perfect for on-the-go energy, hiking adventures, or a satisfying snack. Provides a good balance of protein, fiber, antioxidants, and healthy fats! Sprinkle them on salads or desserts for a touch of gourmet flair.</span></li></ul><!-- Loading EDP related metadata --><div class=""a-section aok-hidden"" data-csa-c-content-id=""voyager-product-details-jumplink"" data-csa-c-slot-id=""voyager-product-details-jumplink"" data-csa-c-type=""link"" data-csa-c-id=""anrki1-vqa9mo-91itjs-pd9bma""><span class=""caretnext"">ƒ?§</span> <a class=""a-link-normal"" href=""#productDetails"" id=""seeMoreDetailsLink"">See more product details </a></div></div>",https://m.media-amazon.com/images/I/512R39+ge4L._SX679_.jpg,https://m.media-amazon.com/images/I/91IZElZCi5L._SX679_.jpg,,,
41,NUTRI MIRACLE Makar Sankranti Gift Hamper for Office Clients and Staff,Default,XS,,221,1999,"<div class=""a-section a-spacing-medium a-spacing-top-small"" id=""feature-bullets""><div class=""a-section a-spacing-none vnv-container"" id=""vnv-container""><div class=""a-section a-spacing-none vnv-inner-container vnv-inner-container-veg"" id=""inner-container-veg""><div class=""a-section vnv-outer"" id=""outer-veg""><div class=""a-section vnv-circle vnv-circle-veg"" id=""circle-veg""> </div></div></div><div class=""a-section vnv-text"" id=""text-veg"">This is a <strong>Vegetarian</strong> product.</div></div><hr><ul><li class=""a-unordered-list a-vertical a-spacing-mini""><span class=""a-list-item"">Celebrate diwali with our premium gift hamper featuring a dry fruits combo pack. Ideal for festive return gifts.</span></li><li class=""a-unordered-list a-vertical a-spacing-mini""><span class=""a-list-item"">Packaging contents -200gm cashews, 200gm almonds, 200gm raisins, 200gm pistachios, 200gm cookies, celebration chocolate.</span></li><li class=""a-unordered-list a-vertical a-spacing-mini""><span class=""a-list-item"">Enrich festival celebrations with your friends and family with this special chocolate Hamper makes for a perfect and memorable gift</span></li><li class=""a-unordered-list a-vertical a-spacing-mini""><span class=""a-list-item"">Premium quality of our dry fruitsƒ??carefully selected and packed to ensure freshness and flavor. Perfect for gifting or savoring, these nuts are a delicious and nutritious treat.</span></li><li class=""a-unordered-list a-vertical a-spacing-mini""><span class=""a-list-item"">Packed safely and delivered all across India safely.</span></li><li class=""a-unordered-list a-vertical a-spacing-mini""><span class=""a-list-item"">Note :- images of jars filled with dryfruits and nuts are for indicative purpose,delivery will be done as per the quantity mentioned in above product package contains.</span></li></ul><!-- Loading EDP related metadata --><div class=""a-section aok-hidden"" data-csa-c-content-id=""voyager-product-details-jumplink"" data-csa-c-slot-id=""voyager-product-details-jumplink"" data-csa-c-type=""link"" data-csa-c-id=""b7pcun-l5bxhd-brccri-j9js5i""><span class=""caretnext"">ƒ?§</span> <a class=""a-link-normal"" href=""#productDetails"" id=""seeMoreDetailsLink"">See more product details </a></div></div>",https://m.media-amazon.com/images/I/81y1MDgIowL._SX679_.jpg,https://m.media-amazon.com/images/I/913KZeNBNAL._SX679_.jpg,https://m.media-amazon.com/images/I/915V9jMCMlL._SX679_.jpg,,
42,"1 Kg | Kismish | Premium Dried Grapes | Sweet Fruity Taste and Soft Chewy Texture | Natural Source of Antioxidants, Potassium & Fiber | Healthy Snack",Default,L,,149,599,"<div class=""a-expander-content a-expander-partial-collapse-content a-expander-content-expanded"" style=""padding-bottom:20px;"" data-expanded=""true""><style>
    .po-break-word {
        word-break: break-word;
    }
    .po-truncate-attribute .a-truncate-cut{
        word-break: break-word;
    }
    #po-tta-action {
        padding: 0;
    }
</style><script type=""text/javascript"">
    function logTechTermAssistMetric(nexusSchemaId, metricParameters) {
        if (typeof window.csa !== &apos;undefined&apos;) {
            var ttaEvents = csa(""Events"", {producerId: ""cetech-tta""});

            metricParameters.schemaId = nexusSchemaId;

            metricParameters.asin = &apos;B07GR82XJR&apos;;
            metricParameters.deviceType = &apos;web&apos;;
            metricParameters.productType = &apos;FRUIT&apos;;
            metricParameters.obfuscatedMarketplaceId = &apos;A21TJRUUN4KGV&apos;;

            ttaEvents(""log"", metricParameters, { ent: &apos;all&apos; });
        }
    }

    function logTechTermAssistEvent(nexusSchemaId) {
        logTechTermAssistMetric(nexusSchemaId, {});
    }
</script><div class=""a-section a-spacing-small a-spacing-top-small""><figure class=""table""><table class=""a-normal a-spacing-micro""><tbody><tr class=""a-spacing-small po-item_weight""><td class=""a-span3""><span class=""a-size-base a-text-bold"">Item Weight</span></td><td class=""a-span9""><span class=""a-size-base po-break-word"">1000 Grams</span></td></tr><tr class=""a-spacing-small po-size""><td class=""a-span3""><span class=""a-size-base a-text-bold"">Size</span></td><td class=""a-span9""><span class=""a-size-base po-break-word"">1 kg (Pack of 1)</span></td></tr><tr class=""a-spacing-small po-brand""><td class=""a-span3""><span class=""a-size-base a-text-bold"">Brand</span></td><td class=""a-span9""><span class=""a-size-base po-break-word"">Vedaka</span></td></tr><tr class=""a-spacing-small po-specialty""><td class=""a-span3""><span class=""a-size-base a-text-bold"">Speciality</span></td><td class=""a-span9""><span class=""a-size-base po-break-word"">suitable for vegetarians</span></td></tr><tr class=""a-spacing-small po-diet_type""><td class=""a-span3""><span class=""a-size-base a-text-bold"">Diet Type</span></td><td class=""a-span9""><span class=""a-size-base po-break-word"">Vegetarian</span></td></tr><tr class=""a-spacing-small po-item_package_weight""><td class=""a-span3""><span class=""a-size-base a-text-bold"">Package Weight</span></td><td class=""a-span9""><span class=""a-size-base po-break-word"">1.01 Kilograms</span></td></tr><tr class=""a-spacing-small po-number_of_pieces""><td class=""a-span3""><span class=""a-size-base a-text-bold"">Number of Pieces</span></td><td class=""a-span9""><span class=""a-size-base po-break-word"">1</span></td></tr><tr class=""a-spacing-small po-produce_sold_as_format""><td class=""a-span3""><span class=""a-size-base a-text-bold"">Produce sold as</span></td><td class=""a-span9""><span class=""a-size-base po-break-word"">Pre-packaged</span></td></tr><tr class=""a-spacing-small po-temperature_condition""><td class=""a-span3""><span class=""a-size-base a-text-bold"">Temperature Condition</span></td><td class=""a-span9""><span class=""a-size-base po-break-word"">Fresh</span></td></tr><tr class=""a-spacing-small po-item_form""><td class=""a-span3""><span class=""a-size-base a-text-bold"">Item Form</span></td><td class=""a-span9""><span class=""a-size-base po-break-word"">Dried</span></td></tr></tbody></table></figure></div></div>",https://m.media-amazon.com/images/I/71hYJpQ68nL._SX679_.jpg,https://m.media-amazon.com/images/I/71pVOHrz5OL._SX679_.jpg,https://m.media-amazon.com/images/I/91-q1Dht+ZL._SX679_.jpg,,
